{"cameraMode":{"drawMode":0,"name":"Shaded","section":"Shading Mode"},"sceneLighting":false,"audioPlay":false,"sceneViewState":{"showFog":true,"showMaterialUpdate":false,"showSkybox":true,"showFlares":true,"showImageEffects":true,"showParticleSystems":true},"in2DMode":false,"pivot":{"x":317.30694580078127,"y":-59.72304916381836,"z":-273.74249267578127},"rotation":{"x":-0.13896094262599946,"y":-0.2547937333583832,"z":0.0370265357196331,"w":-0.9562422037124634},"size":4.13345193862915,"orthographic":false}